City_ID,City,Country,Date,Lat,Lng,Max Temp,Humidity,Cloudiness,Wind Speed
0,Muzhi,RU,2021-01-12 21:57:05,65.3667,64.6667,-3.82,79,0,4.79
1,Avarua,CK,2021-01-12 21:52:51,-21.2078,-159.775,86.0,70,75,19.57
2,Thompson,CA,2021-01-12 21:57:05,55.7435,-97.8558,24.8,100,90,2.3
3,Tiksi,RU,2021-01-12 21:57:05,71.6872,128.8694,-36.99,81,88,6.53
4,Port Elizabeth,ZA,2021-01-12 21:57:05,-33.918,25.5701,71.01,85,100,5.01
5,Tuktoyaktuk,CA,2021-01-12 21:57:05,69.4541,-133.0374,1.4,78,90,23.02
6,Ushuaia,AR,2021-01-12 21:55:16,-54.8,-68.3,50.0,46,40,20.71
7,Barrow,US,2021-01-12 21:57:05,71.2906,-156.7887,-2.2,78,1,20.71
8,Lorengau,PG,2021-01-12 21:57:05,-2.0226,147.2712,84.13,76,60,13.78
9,Viljoenskroon,ZA,2021-01-12 21:57:05,-27.2084,26.9485,66.0,93,20,1.01
10,Cherskiy,RU,2021-01-12 21:57:05,68.75,161.3,-31.4,81,0,2.1
11,Bluff,NZ,2021-01-12 21:57:05,-46.6,168.3333,61.21,74,100,2.95
12,San Cristobal,VE,2021-01-12 21:57:06,7.7669,-72.225,82.4,65,40,11.5
13,Teahupoo,PF,2021-01-12 21:57:06,-17.8333,-149.2667,86.0,66,75,4.61
14,Hobart,AU,2021-01-12 21:57:06,-42.8794,147.3294,66.0,63,20,5.75
15,Farah,AF,2021-01-12 21:55:25,32.5,62.5,34.93,58,0,1.61
16,Eyl,SO,2021-01-12 21:57:06,7.9803,49.8164,72.45,72,0,21.41
17,Isangel,VU,2021-01-12 21:57:06,-19.55,169.2667,82.4,89,90,3.51
18,Yellowknife,CA,2021-01-12 21:55:53,62.456,-114.3525,8.6,92,20,2.59
19,Kieta,PG,2021-01-12 21:57:06,-6.2167,155.6333,82.47,75,68,4.43
20,Longyearbyen,SJ,2021-01-12 21:54:35,78.2186,15.6401,26.6,68,75,23.02
21,Hithadhoo,MV,2021-01-12 21:57:06,-0.6,73.0833,81.1,81,92,19.46
22,Faya,SA,2021-01-12 21:57:06,18.3851,42.4509,48.2,57,0,4.54
23,Toccoa,US,2021-01-12 21:57:06,34.5773,-83.3324,55.4,58,1,5.75
24,Rikitea,PF,2021-01-12 21:57:07,-23.1203,-134.9692,77.92,79,6,18.16
25,Mecca,SA,2021-01-12 21:57:01,21.4267,39.8261,71.53,56,0,0.4
26,Quatre Cocos,MU,2021-01-12 21:57:07,-20.2078,57.7625,79.0,83,75,13.8
27,Staunton,US,2021-01-12 21:57:07,38.1496,-79.0717,46.4,36,1,4.61
28,Launceston,AU,2021-01-12 21:57:07,-41.45,147.1667,64.0,67,90,8.05
29,Oxbow,CA,2021-01-12 21:57:07,49.2333,-102.1676,28.0,82,90,3.0
30,Khatanga,RU,2021-01-12 21:57:07,71.9667,102.5,-21.3,87,97,2.26
31,Saint-Philippe,RE,2021-01-12 21:57:07,-21.3585,55.7679,78.8,89,75,4.61
32,Hermanus,ZA,2021-01-12 21:57:07,-34.4187,19.2345,70.0,85,92,5.99
33,Eydhafushi,MV,2021-01-12 21:57:07,5.1033,73.0708,80.01,81,100,18.28
34,Salvador,SV,2021-01-12 21:57:07,13.8333,-88.9167,87.8,48,20,9.22
35,Northam,GB,2021-01-12 21:57:07,51.0333,-4.2167,50.0,100,100,1.01
36,Inhambane,MZ,2021-01-12 21:57:07,-23.865,35.3833,78.51,87,1,6.49
37,Punta Arenas,CL,2021-01-12 21:57:08,-53.15,-70.9167,53.6,50,0,28.77
38,Bambous Virieux,MU,2021-01-12 21:57:08,-20.3428,57.7575,79.0,83,75,13.8
39,Bredasdorp,ZA,2021-01-12 21:57:08,-34.5322,20.0403,69.8,83,100,13.8
40,Norman Wells,CA,2021-01-12 21:57:08,65.282,-126.8329,-13.0,84,40,4.61
41,Albany,US,2021-01-12 21:57:08,42.6001,-73.9662,33.01,67,83,3.04
42,Namibe,AO,2021-01-12 21:57:08,-15.1961,12.1522,72.1,75,99,7.67
43,Vaini,TO,2021-01-12 21:57:08,-21.2,-175.2,84.2,84,75,11.5
44,Aksarka,RU,2021-01-12 21:57:08,66.5606,67.7975,-4.72,88,0,7.14
45,Upernavik,GL,2021-01-12 21:57:08,72.7868,-56.1549,15.57,95,100,8.59
46,Severo-Kurilsk,RU,2021-01-12 21:57:08,50.6789,156.125,17.94,89,88,7.74
47,Singapore,SG,2021-01-12 21:55:54,1.2897,103.8501,75.2,94,75,8.05
48,Karratha,AU,2021-01-12 21:57:09,-20.7377,116.8463,88.7,45,1,10.2
49,Poum,NC,2021-01-12 21:57:09,-20.2333,164.0167,82.54,80,89,11.23
50,San Rafael,AR,2021-01-12 21:57:09,-34.6177,-68.3301,78.89,21,0,6.4
51,Castro,BR,2021-01-12 21:57:09,-24.7911,-50.0119,73.36,82,66,4.27
52,Vao,NC,2021-01-12 21:57:09,-22.6667,167.4833,78.12,85,85,21.47
53,Port Alfred,ZA,2021-01-12 21:57:09,-33.5906,26.891,69.01,95,100,1.99
54,Ormara,PK,2021-01-12 21:57:09,25.2088,64.6357,67.57,32,95,3.87
55,Taunggyi,MM,2021-01-12 21:57:09,20.7833,97.0333,52.86,99,96,4.47
56,Formosa,AR,2021-01-12 21:53:32,-26.1775,-58.1781,78.8,73,0,9.22
57,Muros,ES,2021-01-12 21:57:09,42.7762,-9.0603,37.0,93,35,5.66
58,Lebu,CL,2021-01-12 21:57:09,-37.6167,-73.65,56.8,68,30,21.07
59,Nong Khae,TH,2021-01-12 21:57:09,14.3406,100.8673,63.0,46,92,6.02
60,Lumberton,US,2021-01-12 21:57:10,34.6182,-79.0086,53.6,81,40,2.93
61,Alta Floresta,BR,2021-01-12 21:57:10,-9.8756,-56.0861,76.86,90,76,1.05
62,College,US,2021-01-12 21:57:10,64.8569,-147.8028,1.4,78,75,2.33
63,Chernigovka,RU,2021-01-12 21:57:10,44.3389,132.5728,16.16,96,100,5.39
64,Narsaq,GL,2021-01-12 21:57:10,60.9167,-46.05,46.4,29,75,23.02
65,Lethem,GY,2021-01-12 21:57:10,3.3803,-59.7968,86.0,66,40,13.8
66,Aklavik,CA,2021-01-12 21:57:10,68.2191,-135.0107,3.2,85,100,2.3
67,Samarai,PG,2021-01-12 21:57:10,-10.6167,150.6667,83.91,79,100,10.92
68,Constantine,DZ,2021-01-12 21:53:40,36.365,6.6147,37.4,81,20,8.05
69,Peniche,PT,2021-01-12 21:57:10,39.3558,-9.3811,43.0,61,0,1.01
70,Esperance,AU,2021-01-12 21:57:10,-33.8667,121.9,57.2,82,40,5.75
71,Semiletka,RU,2021-01-12 21:57:11,55.3603,54.6153,-11.58,90,85,4.56
72,Dimbokro,CI,2021-01-12 21:57:11,6.6451,-4.7048,78.46,77,78,5.75
73,Chapais,CA,2021-01-12 21:57:11,49.7834,-74.8492,24.8,93,90,6.91
74,Padang,ID,2021-01-12 21:57:11,-0.9492,100.3543,77.38,74,99,3.71
75,Ribeira Grande,PT,2021-01-12 21:57:11,38.5167,-28.7,60.8,94,40,12.66
76,Long Beach,US,2021-01-12 21:53:51,33.767,-118.1892,72.0,23,1,6.91
77,Amuntai,ID,2021-01-12 21:57:11,-2.4177,115.2494,74.66,96,100,1.05
78,Busselton,AU,2021-01-12 21:57:11,-33.65,115.3333,57.0,83,94,1.01
79,Kruisfontein,ZA,2021-01-12 21:57:11,-34.0033,24.7314,71.01,85,100,5.01
80,Brigantine,US,2021-01-12 21:56:48,39.4101,-74.3646,44.6,45,1,5.75
81,Saldanha,ZA,2021-01-12 21:57:12,-33.0117,17.9442,75.2,60,0,5.75
82,Pakokku,MM,2021-01-12 21:57:12,21.3333,95.1,66.63,73,81,4.36
83,Ostrovnoy,RU,2021-01-12 21:57:12,68.0531,39.5131,4.17,91,0,18.68
84,Clyde River,CA,2021-01-12 21:57:12,70.4692,-68.5914,-4.0,84,75,3.44
85,Vardo,NO,2021-01-12 21:57:12,70.3705,31.1107,8.6,66,20,20.71
86,Hilo,US,2021-01-12 21:53:03,19.7297,-155.09,73.4,78,90,9.22
87,Vestmanna,FO,2021-01-12 21:57:12,62.1564,-7.1664,26.6,86,88,3.44
88,Airai,TL,2021-01-12 21:57:12,-8.9266,125.4092,62.29,100,93,1.57
89,Ust-Omchug,RU,2021-01-12 21:57:12,61.15,149.6333,-18.87,84,98,2.64
90,Constitucion,CL,2021-01-12 21:57:12,-35.3333,-72.4167,65.32,42,0,16.2
91,Chuy,UY,2021-01-12 21:57:13,-33.6971,-53.4616,64.92,59,99,12.12
92,Fortuna,US,2021-01-12 21:57:13,40.5982,-124.1573,57.99,100,90,19.57
93,Limon,CR,2021-01-12 21:57:13,10.0,-83.0333,77.0,94,90,4.61
94,Mana,GF,2021-01-12 21:57:13,5.6592,-53.7767,77.86,84,74,11.16
95,Tasiilaq,GL,2021-01-12 21:57:13,65.6145,-37.6368,32.0,86,90,43.73
96,Timmins,CA,2021-01-12 21:56:46,48.4669,-81.3331,33.8,69,90,5.75
97,Kodiak,US,2021-01-12 21:56:44,57.79,-152.4072,35.73,90,100,8.9
98,Krasnoborsk,RU,2021-01-12 21:57:13,61.5598,45.934,-14.82,88,79,3.65
99,Bonavista,CA,2021-01-12 21:57:13,48.6499,-53.1147,30.0,80,98,2.3
100,Mataura,NZ,2021-01-12 21:57:13,-46.1927,168.8643,71.13,52,90,1.99
101,Butaritari,KI,2021-01-12 21:57:13,3.0707,172.7902,81.64,79,99,19.75
102,Jati,PK,2021-01-12 21:57:13,24.3539,68.2671,54.72,31,0,4.34
103,San Patricio,US,2021-01-12 21:57:13,28.017,-97.5169,45.0,70,90,8.05
104,Kholodnyy,RU,2021-01-12 21:57:14,62.7167,147.95,-27.0,83,85,1.01
105,Georgetown,MY,2021-01-12 21:56:41,5.4112,100.3354,75.2,78,20,6.42
106,Qaanaaq,GL,2021-01-12 21:57:14,77.484,-69.3632,12.38,82,99,9.89
107,Mount Pleasant,US,2021-01-12 21:52:57,32.7941,-79.8626,52.0,87,90,8.81
108,Grindavik,IS,2021-01-12 21:57:14,63.8424,-22.4338,39.2,81,90,35.68
109,Tasgaon,IN,2021-01-12 21:57:14,17.0333,74.6,72.57,48,45,9.31
110,Conde,BR,2021-01-12 21:57:14,-7.2597,-34.9075,80.6,78,20,9.22
111,Alofi,NU,2021-01-12 21:57:14,-19.0595,-169.9187,86.0,74,75,9.22
112,New Norfolk,AU,2021-01-12 21:57:14,-42.7826,147.0587,66.0,63,13,1.01
113,Arraial Do Cabo,BR,2021-01-12 21:53:35,-22.9661,-42.0278,80.6,73,20,18.41
114,Eyrarbakki,IS,2021-01-12 21:57:14,63.863,-21.1481,36.0,64,90,17.27
115,Aku,NG,2021-01-12 21:57:14,6.7081,7.3167,79.74,48,7,6.2
116,Chipata,ZM,2021-01-12 21:57:14,-13.6333,32.65,66.99,95,100,0.96
117,Jamestown,US,2021-01-12 21:56:31,42.097,-79.2353,28.99,80,90,5.66
118,Fonte Boa,BR,2021-01-12 21:57:16,-2.4959,-66.2662,81.05,84,93,1.63
119,East London,ZA,2021-01-12 21:57:16,-33.0153,27.9116,73.62,88,99,10.78
120,Carnarvon,AU,2021-01-12 21:57:16,-24.8667,113.6333,75.2,78,0,18.41
121,Bethel,US,2021-01-12 21:57:16,41.3712,-73.414,34.0,73,11,1.01
122,Sao Miguel Do Araguaia,BR,2021-01-12 21:57:02,-13.275,-50.1628,78.78,74,100,2.91
123,Troitskoye,RU,2021-01-12 21:57:16,52.9821,84.6757,21.49,97,100,10.42
124,Kandrian,PG,2021-01-12 21:57:16,-6.2167,149.55,81.68,79,98,4.65
125,Livanatai,GR,2021-01-12 21:57:16,38.7167,23.05,50.0,76,14,3.65
126,Ruwi,OM,2021-01-12 21:57:16,23.5996,58.5507,60.8,55,0,3.44
127,Atar,MR,2021-01-12 21:57:16,20.5169,-13.0499,61.03,32,95,10.56
128,Lagoa,PT,2021-01-12 21:57:16,39.05,-27.9833,60.6,90,100,12.15
129,Kapaa,US,2021-01-12 21:57:17,22.0752,-159.319,79.0,73,20,4.61
130,Cape Town,ZA,2021-01-12 21:53:04,-33.9258,18.4232,73.4,64,0,9.22
131,Srednekolymsk,RU,2021-01-12 21:57:17,67.45,153.6833,-37.48,83,92,1.61
132,Codrington,AU,2021-01-12 21:57:17,-38.2667,141.9667,59.36,68,70,9.71
133,Geraldton,AU,2021-01-12 21:57:17,-28.7667,114.6,64.4,82,0,5.75
134,Morondava,MG,2021-01-12 21:55:04,-20.2833,44.2833,83.12,78,71,7.36
135,Cockburn Town,TC,2021-01-12 21:57:17,21.4612,-71.1419,78.8,69,40,11.5
136,Baddomalhi,PK,2021-01-12 21:57:17,31.9928,74.6683,44.6,100,90,2.84
137,Molina,CL,2021-01-12 21:57:17,-35.1167,-71.2833,86.0,21,0,5.75
138,Los Llanos De Aridane,ES,2021-01-12 21:57:17,28.6585,-17.9182,60.8,72,75,10.36
139,Piney Green,US,2021-01-12 21:57:18,34.716,-77.3202,48.2,87,90,6.91
140,Cabedelo,BR,2021-01-12 21:52:41,-6.9811,-34.8339,80.6,78,20,9.22
141,Haines Junction,CA,2021-01-12 21:57:18,60.7522,-137.5108,19.4,86,100,1.14
142,Baruun-Urt,MN,2021-01-12 21:57:18,46.6806,113.2792,-10.89,82,67,11.39
143,Dikson,RU,2021-01-12 21:57:18,73.5069,80.5464,-10.01,90,100,8.32
144,Deep River,CA,2021-01-12 21:57:18,46.1001,-77.4995,35.01,69,90,4.61
145,Victoria,HK,2021-01-12 21:57:18,22.2855,114.1577,53.01,46,0,8.61
146,Te Anau,NZ,2021-01-12 21:57:18,-45.4167,167.7167,65.17,61,95,2.75
147,Ouadda,CF,2021-01-12 21:57:18,8.0777,22.4007,68.31,23,14,6.06
148,Basoko,CD,2021-01-12 21:57:18,1.2391,23.616,78.06,60,78,3.49
149,Brae,GB,2021-01-12 21:57:18,60.3964,-1.353,39.2,75,40,16.11
150,Qurayyat,SA,2021-01-12 21:57:18,31.3318,37.3428,48.2,49,0,9.22
151,Chokurdakh,RU,2021-01-12 21:57:19,70.6333,147.9167,-37.79,83,54,1.9
152,Sao Filipe,CV,2021-01-12 21:57:19,14.8961,-24.4956,70.92,73,5,16.22
153,Port Hardy,CA,2021-01-12 21:57:19,50.6996,-127.4199,46.4,93,75,5.75
154,Port-Gentil,GA,2021-01-12 21:57:19,-0.7193,8.7815,80.6,89,40,10.36
155,Mouila,GA,2021-01-12 21:57:19,-1.8685,11.0559,74.59,93,100,2.77
156,High Level,CA,2021-01-12 21:57:19,58.5169,-117.136,21.2,100,90,3.44
157,Puerto Ayora,EC,2021-01-12 21:57:19,-0.7393,-90.3518,84.2,58,40,18.41
158,Half Moon Bay,US,2021-01-12 21:57:19,37.4636,-122.4286,60.01,77,20,4.61
159,Ambilobe,MG,2021-01-12 21:57:19,-13.2,49.05,74.64,92,26,0.27
160,Yumen,CN,2021-01-12 21:57:19,40.2833,97.2,18.84,65,17,21.23
161,Opuwo,NA,2021-01-12 21:57:19,-18.0607,13.84,69.21,45,100,9.55
162,Alyangula,AU,2021-01-12 21:57:20,-13.8483,136.4192,77.0,100,75,6.49
163,Tessalit,ML,2021-01-12 21:57:20,20.1986,1.0114,65.35,25,95,12.06
164,Faanui,PF,2021-01-12 21:57:20,-16.4833,-151.75,80.85,77,100,18.54
165,Chiman,PK,2021-01-12 21:57:20,32.5463,73.8138,44.6,100,90,4.07
166,Yenagoa,NG,2021-01-12 21:57:20,4.9247,6.2642,76.53,88,0,5.19
167,Atuona,PF,2021-01-12 21:57:20,-9.8,-139.0333,77.52,79,80,16.04
168,Bengkulu,ID,2021-01-12 21:57:20,-3.8004,102.2655,75.45,84,100,6.64
169,Cruz Grande,MX,2021-01-12 21:57:20,16.7333,-99.1333,84.2,61,20,9.22
170,Antofagasta,CL,2021-01-12 21:53:43,-23.65,-70.4,68.0,64,20,14.97
171,Emba,KZ,2021-01-12 21:56:05,48.8264,58.1442,-5.98,88,75,3.49
172,Lucapa,AO,2021-01-12 21:57:21,-8.4192,20.7447,67.03,90,89,3.22
173,Hovd,MN,2021-01-12 21:57:21,48.0056,91.6419,13.39,81,94,3.4
174,Patancheru,IN,2021-01-12 21:57:21,17.5314,78.265,68.0,94,40,4.61
175,Nikolskoye,RU,2021-01-12 21:57:21,59.7035,30.7861,10.4,79,75,20.13
176,Zhigansk,RU,2021-01-12 21:57:21,66.7697,123.3711,-40.83,79,100,11.95
177,Illapel,CL,2021-01-12 21:57:21,-31.6308,-71.1653,76.53,27,0,8.37
178,Vokhtoga,RU,2021-01-12 21:57:22,58.8147,41.0461,-21.68,87,78,3.89
179,Westport,US,2021-01-12 21:57:22,41.1415,-73.3579,39.2,65,1,5.75
180,Vila Velha,BR,2021-01-12 21:52:28,-20.3297,-40.2925,80.6,69,40,11.5
181,Winona,US,2021-01-12 21:57:22,43.9666,-91.7668,37.4,75,1,5.61
182,Bealanana,MG,2021-01-12 21:57:22,-14.55,48.7333,64.96,92,18,0.96
183,Dubovskoye,RU,2021-01-12 21:57:22,47.4092,42.7575,30.18,94,100,15.28
184,Dunedin,NZ,2021-01-12 21:54:44,-45.8742,170.5036,64.17,75,12,4.21
185,Bandarbeyla,SO,2021-01-12 21:57:22,9.4942,50.8122,72.57,74,44,23.51
186,Sidney,AU,2021-01-12 21:55:31,-33.8679,151.2073,78.8,57,40,4.61
187,Volosovo,RU,2021-01-12 21:57:22,59.4333,29.4833,10.4,79,75,20.13
188,Ilulissat,GL,2021-01-12 21:57:23,69.2167,-51.1,14.0,79,100,3.44
189,Mar Del Plata,AR,2021-01-12 21:57:23,-38.0023,-57.5575,69.8,46,0,12.66
190,Jaca,ES,2021-01-12 21:57:23,42.569,-0.5499,23.0,100,5,2.3
191,Hambantota,LK,2021-01-12 21:57:23,6.1241,81.1185,75.2,100,75,8.05
192,Matay,EG,2021-01-12 21:57:23,28.419,30.7792,66.88,31,95,10.38
193,Aginskoye,RU,2021-01-12 21:57:23,51.1,114.53,-9.17,83,50,17.47
194,Pundaguitan,PH,2021-01-12 21:57:23,6.3711,126.1689,81.16,81,95,10.98
195,Soe,ID,2021-01-12 21:57:23,-9.8607,124.284,67.15,94,55,3.31
196,Ayan,RU,2021-01-12 21:57:23,56.45,138.1667,-17.07,79,2,2.13
197,Flinders,AU,2021-01-12 21:57:23,-34.5833,150.8552,75.99,80,53,1.01
198,Gizo,SB,2021-01-12 21:57:23,-8.103,156.8419,80.92,76,100,6.49
199,Rawson,AR,2021-01-12 21:55:19,-43.3002,-65.1023,63.75,38,0,14.61
200,Ouahigouya,BF,2021-01-12 21:57:23,13.5828,-2.4216,76.14,17,76,9.06
201,Ndago,TZ,2021-01-12 21:57:23,-4.6,34.35,63.88,93,100,2.04
202,Teya,RU,2021-01-12 21:57:24,60.3778,92.6267,-22.68,83,85,1.83
203,Saint Anthony,US,2021-01-12 21:57:24,45.0205,-93.218,37.4,64,1,6.91
204,Mildura,AU,2021-01-12 21:57:24,-34.2,142.15,77.0,37,28,5.75
205,Sorland,NO,2021-01-12 21:57:24,67.667,12.6934,34.03,84,100,21.41
206,Pisco,PE,2021-01-12 21:57:24,-13.7,-76.2167,77.0,61,0,14.97
207,Salalah,OM,2021-01-12 21:57:24,17.0151,54.0924,73.4,27,0,19.57
208,Pevek,RU,2021-01-12 21:57:24,69.7008,170.3133,-29.58,86,100,0.67
209,Ponta Do Sol,PT,2021-01-12 21:57:24,32.6667,-17.1,57.2,67,40,5.75
210,Abu Samrah,SY,2021-01-12 21:57:24,35.3029,37.1841,58.6,43,100,8.59
211,Dapaong,TG,2021-01-12 21:53:43,10.8639,0.205,76.71,17,0,6.87
212,Tezu,IN,2021-01-12 21:57:24,27.9167,96.1667,58.39,66,76,2.57
213,Orbetello,IT,2021-01-12 21:57:24,42.4408,11.2196,33.8,100,20,3.44
214,Hasaki,JP,2021-01-12 21:57:25,35.7333,140.8333,26.6,100,20,2.3
215,Fagernes,NO,2021-01-12 21:57:25,60.9858,9.2324,18.0,90,100,4.56
216,Tuatapere,NZ,2021-01-12 21:57:25,-46.1333,167.6833,66.24,60,100,4.56
217,Mashhad,IR,2021-01-12 21:53:31,36.297,59.6062,39.2,41,0,4.61
218,Iqaluit,CA,2021-01-12 21:57:25,63.7506,-68.5145,3.2,78,75,4.61
219,Pontianak,ID,2021-01-12 21:57:25,-0.0333,109.3333,77.0,94,90,2.3
220,West Bay,KY,2021-01-12 21:57:25,19.3667,-81.4167,82.99,78,20,10.36
221,Plettenberg Bay,ZA,2021-01-12 21:57:26,-34.0527,23.3716,69.76,91,90,15.88
222,Port Pirie,AU,2021-01-12 21:57:26,-33.1833,138.0167,64.4,82,58,6.91
223,Christchurch,NZ,2021-01-12 21:57:26,-43.5333,172.6333,72.0,77,75,4.61
224,Ternate,ID,2021-01-12 21:57:26,0.8,127.4,80.87,80,81,5.79
225,Jos,NG,2021-01-12 21:57:26,9.9167,8.9,61.54,29,0,3.67
226,Shelburne,CA,2021-01-12 21:57:26,44.0787,-80.2041,28.99,95,95,7.99
227,Qaqortoq,GL,2021-01-12 21:57:26,60.7167,-46.0333,46.4,29,75,23.02
228,Luanda,AO,2021-01-12 21:57:26,-8.8368,13.2343,78.8,78,20,6.91
229,Guerrero Negro,MX,2021-01-12 21:57:26,27.9769,-114.0611,70.83,25,0,9.28
230,Tevaitoa,PF,2021-01-12 21:57:26,-16.7833,-151.5,80.67,76,98,18.79
231,Nemuro,JP,2021-01-12 21:57:27,43.3236,145.575,32.63,97,99,17.78
232,Caravelas,BR,2021-01-12 21:57:27,-17.7125,-39.2481,77.22,81,0,6.2
233,Itarema,BR,2021-01-12 21:57:27,-2.9248,-39.9167,79.02,78,84,11.72
234,Havoysund,NO,2021-01-12 21:57:27,70.9963,24.6622,21.2,73,0,17.27
235,Oyama,JP,2021-01-12 21:57:27,36.3,139.8,37.99,100,20,3.44
236,Aksu,CN,2021-01-12 21:57:27,41.1231,80.2644,16.36,74,100,4.09
237,Talcahuano,CL,2021-01-12 21:57:27,-36.7167,-73.1167,69.8,40,0,18.41
238,Saint Simons,US,2021-01-12 21:57:27,31.1352,-81.3901,54.0,82,90,9.22
239,Talnakh,RU,2021-01-12 21:57:27,69.4865,88.3972,-14.24,88,100,11.63
240,Ahipara,NZ,2021-01-12 21:57:28,-35.1667,173.1667,72.16,71,12,7.31
241,Comodoro Rivadavia,AR,2021-01-12 21:57:28,-45.8667,-67.5,73.4,27,0,12.66
242,Imeni Zhelyabova,RU,2021-01-12 21:57:28,58.9544,36.5956,-20.45,87,68,7.25
243,Mugur-Aksy,RU,2021-01-12 21:57:28,50.35,90.5,3.31,77,57,5.86
244,Coihaique,CL,2021-01-12 21:57:28,-45.5752,-72.0662,59.0,51,40,10.36
245,Port Lincoln,AU,2021-01-12 21:57:28,-34.7333,135.8667,64.15,63,97,3.51
246,Leningradskiy,RU,2021-01-12 21:57:28,69.3833,178.4167,-17.7,86,100,19.01
247,Meulaboh,ID,2021-01-12 21:57:28,4.1363,96.1285,75.45,84,70,4.79
248,Moerai,PF,2021-01-12 21:57:28,-22.4333,-151.3333,79.56,75,15,17.31
249,Nioro,GM,2021-01-12 21:57:28,13.35,-15.75,79.2,17,76,11.03
250,Hamilton,US,2021-01-12 21:56:40,39.1834,-84.5333,35.6,64,1,9.22
251,Maroua,CM,2021-01-12 21:57:29,10.591,14.3159,69.6,23,0,7.94
252,Husavik,IS,2021-01-12 21:57:29,66.0449,-17.3389,12.2,85,0,2.3
253,Katsuura,JP,2021-01-12 21:57:29,35.1333,140.3,33.8,86,20,4.61
254,Mahebourg,MU,2021-01-12 21:57:29,-20.4081,57.7,78.8,83,75,13.8
255,Egvekinot,RU,2021-01-12 21:57:29,66.3167,-179.1667,-11.72,90,100,12.71
256,Onega,RU,2021-01-12 21:57:29,63.9061,38.1404,-12.55,87,0,6.89
257,Bathsheba,BB,2021-01-12 21:57:29,13.2167,-59.5167,80.6,61,75,20.71
258,Matagami,CA,2021-01-12 21:57:29,49.7502,-77.6328,28.4,86,90,9.22
259,Sistranda,NO,2021-01-12 21:57:29,63.7256,8.834,24.8,74,20,10.36
260,Treinta Y Tres,UY,2021-01-12 21:57:29,-33.2333,-54.3833,68.31,55,100,12.93
261,Tarija,BO,2021-01-12 21:57:29,-21.5355,-64.7296,69.8,68,75,2.19
262,Shenjiamen,CN,2021-01-12 21:57:29,29.9576,122.298,44.62,60,0,17.6
263,Saskylakh,RU,2021-01-12 21:57:29,71.9167,114.0833,-28.48,83,90,5.37
264,Kampot,KH,2021-01-12 21:57:30,10.6167,104.1833,71.6,53,0,5.75
265,Bellevue,US,2021-01-12 21:52:35,47.6104,-122.2007,55.99,88,90,10.36
266,Kushiro,JP,2021-01-12 21:57:30,42.975,144.3747,34.74,94,100,12.8
267,Yulara,AU,2021-01-12 21:57:30,-25.2406,130.9889,77.0,25,0,3.44
268,Marsh Harbour,BS,2021-01-12 21:57:30,26.5412,-77.0636,75.15,69,100,6.2
269,Kailua,US,2021-01-12 21:53:42,21.4022,-157.7394,80.6,61,20,9.22
270,Pushkino,RU,2021-01-12 21:57:30,56.0172,37.8667,8.6,85,90,11.18
271,San Felipe,VE,2021-01-12 21:57:30,10.3399,-68.7425,73.87,82,100,5.53
272,Northport,US,2021-01-12 21:52:57,33.229,-87.5772,45.0,65,1,5.59
273,Wajid,SO,2021-01-12 21:57:30,3.8093,43.2471,76.51,27,0,14.74
274,Tamiahua,MX,2021-01-12 21:57:30,21.2667,-97.45,59.95,64,85,9.69
275,Saint George,US,2021-01-12 21:53:21,37.1041,-113.5841,52.0,24,1,2.21
276,Coihueco,CL,2021-01-12 21:57:30,-36.6167,-71.8333,82.4,14,0,8.05
277,Huanren,CN,2021-01-12 21:57:30,41.2647,125.3667,18.68,95,100,2.68
278,Iracoubo,GF,2021-01-12 21:57:31,5.4802,-53.2011,76.78,87,69,11.68
279,Vieira De Leiria,PT,2021-01-12 21:57:31,39.8695,-8.9324,41.0,81,0,2.3
280,San Juan,AR,2021-01-12 21:57:31,-31.5375,-68.5364,83.5,28,0,8.21
281,Marang,MY,2021-01-12 21:57:31,5.2056,103.2059,78.8,73,40,10.36
282,Asau,RO,2021-01-12 21:57:31,46.4333,26.4,32.0,93,75,5.75
283,Praia,CV,2021-01-12 21:57:31,14.9215,-23.5087,71.6,68,75,20.71
284,Puerto Escondido,MX,2021-01-12 21:57:31,15.85,-97.0667,80.6,74,40,5.32
285,Jeremie,HT,2021-01-12 21:57:31,18.65,-74.1167,78.66,71,88,1.7
286,Aykhal,RU,2021-01-12 21:57:31,66.0,111.5,-23.91,84,100,4.34
287,Kuruman,ZA,2021-01-12 21:57:31,-27.4524,23.4325,68.0,94,63,11.48
288,Kapuskasing,CA,2021-01-12 21:57:31,49.4169,-82.4331,32.0,80,100,10.36
289,Yelabuga,RU,2021-01-12 21:57:32,55.7613,52.0649,-13.0,77,0,4.47
290,Tambura,SS,2021-01-12 21:57:32,5.6,27.4667,71.28,29,2,1.83
291,Velten,DE,2021-01-12 21:57:32,52.6833,13.1833,35.01,91,53,3.0
292,Turukhansk,RU,2021-01-12 21:57:32,65.8167,87.9833,-9.44,90,100,12.26
293,Sioux Lookout,CA,2021-01-12 21:57:32,50.1001,-91.917,26.6,86,90,9.22
294,Biskamzha,RU,2021-01-12 21:57:32,53.4497,89.5272,4.51,91,100,2.13
295,Kaitangata,NZ,2021-01-12 21:57:32,-46.2817,169.8464,66.99,64,3,4.0
296,Salisbury,GB,2021-01-12 21:57:32,51.0693,-1.7957,41.0,93,75,2.3
297,Suclayin,PH,2021-01-12 21:57:32,15.7568,121.5503,67.48,83,52,1.95
298,Olafsvik,IS,2021-01-12 21:57:32,64.8945,-23.7142,35.29,81,100,20.56
299,Provideniya,RU,2021-01-12 21:57:33,64.3833,-173.3,-4.0,71,0,11.18
300,Souillac,MU,2021-01-12 21:57:33,-20.5167,57.5167,78.8,83,75,13.8
301,Gharo,PK,2021-01-12 21:57:33,24.7424,67.5856,48.2,81,0,4.61
302,Solnechnyy,RU,2021-01-12 21:57:33,50.7214,136.6319,-8.18,89,100,3.87
303,Hervey Bay,AU,2021-01-12 21:57:33,-25.2986,152.8535,78.01,76,7,5.01
304,Boyolangu,ID,2021-01-12 21:57:33,-8.1181,111.8935,76.15,87,99,3.06
305,Auki,SB,2021-01-12 21:57:34,-8.7676,160.7034,79.45,85,100,1.68
306,Polson,US,2021-01-12 21:57:34,47.6936,-114.1632,43.0,42,100,1.01
307,Oktyabrskoye,RU,2021-01-12 21:57:34,43.0645,44.7417,32.0,100,99,2.24
308,Colares,PT,2021-01-12 21:57:34,38.7992,-9.4469,46.0,63,0,4.34
309,Beringovskiy,RU,2021-01-12 21:57:34,63.05,179.3167,-17.57,84,99,12.01
310,Cidreira,BR,2021-01-12 21:57:34,-30.1811,-50.2056,74.44,83,97,13.98
311,Sao Joao Del Rei,BR,2021-01-12 21:57:34,-21.1356,-44.2617,69.8,94,75,2.3
312,Bamako,ML,2021-01-12 21:57:34,12.65,-8.0,71.6,35,0,4.61
313,Le Port,RE,2021-01-12 21:57:35,-20.9373,55.2919,78.8,94,75,13.8
314,Mezen,RU,2021-01-12 21:57:35,65.8522,44.24,-11.85,87,95,2.89
315,Mansa,IN,2021-01-12 21:57:35,29.9833,75.3833,45.86,51,0,4.18
316,Rocha,UY,2021-01-12 21:57:35,-34.4833,-54.3333,65.05,44,77,11.18
317,Torbay,CA,2021-01-12 21:57:35,47.6666,-52.7314,30.0,86,90,8.05
318,Nanortalik,GL,2021-01-12 21:57:35,60.1432,-45.2371,32.92,93,100,8.59
319,Kassala,SD,2021-01-12 21:57:35,15.451,36.4,67.17,71,2,8.97
320,Sawtell,AU,2021-01-12 21:57:35,-30.3833,153.1,73.4,78,75,5.75
321,Compostela,PH,2021-01-12 21:57:36,7.6731,126.0889,74.16,88,95,1.95
322,Novovarshavka,RU,2021-01-12 21:57:36,54.1721,74.6946,-8.46,87,100,13.89
323,Kiama,AU,2021-01-12 21:57:36,-34.6833,150.8667,75.99,83,55,3.0
324,Manaure,CO,2021-01-12 21:57:36,11.7751,-72.4445,83.19,61,57,21.68
325,Hualmay,PE,2021-01-12 21:57:36,-11.0964,-77.6139,73.09,76,82,9.15
326,Labuhan,ID,2021-01-12 21:57:36,-6.8844,112.2051,78.67,84,100,11.23
327,Vila Franca Do Campo,PT,2021-01-12 21:57:36,37.7167,-25.4333,60.8,94,75,17.27
328,Manicore,BR,2021-01-12 21:57:36,-5.8092,-61.3003,78.76,93,87,2.95
329,Estelle,US,2021-01-12 21:57:36,29.8458,-90.1067,46.0,81,40,6.91
330,Kavkazskaya,RU,2021-01-12 21:57:36,45.445,40.6728,39.11,83,100,15.73
331,Amahai,ID,2021-01-12 21:57:36,-3.3333,128.9167,84.0,90,94,3.0
332,Chifeng,CN,2021-01-12 21:57:37,42.2683,118.9636,4.6,89,30,2.71
333,Babu,CN,2021-01-12 21:57:37,24.4167,111.5167,40.51,58,24,1.68
334,Port Augusta,AU,2021-01-12 21:57:37,-32.5,137.7667,80.01,82,3,6.91
335,Nyurba,RU,2021-01-12 21:57:37,63.2842,118.3319,-38.16,81,100,4.14
336,Boueni,YT,2021-01-12 21:57:37,-12.9025,45.0761,80.6,83,75,5.75
337,Bagan,RU,2021-01-12 21:57:37,54.1001,77.6646,-7.1,89,100,14.97
338,Karmala,IN,2021-01-12 21:57:37,18.4167,75.2,72.48,44,0,11.9
339,Irtyshskiy,RU,2021-01-12 21:57:37,58.3333,68.1333,-24.38,85,31,5.19
340,San Buenaventura,MX,2021-01-12 21:57:37,27.0833,-101.5333,48.2,76,20,4.61
341,Urusha,RU,2021-01-12 21:57:37,54.05,122.9,-20.04,87,100,2.91
342,Luderitz,NA,2021-01-12 21:56:21,-26.6481,15.1594,68.29,74,7,20.67
343,Batemans Bay,AU,2021-01-12 21:57:38,-35.7167,150.1833,72.0,90,25,3.0
344,Sur,OM,2021-01-12 21:53:01,22.5667,59.5289,64.51,57,17,6.06
345,Fomboni,KM,2021-01-12 21:57:38,-12.28,43.7425,81.77,78,0,15.75
346,Baykit,RU,2021-01-12 21:57:38,61.67,96.37,-28.19,80,88,2.19
347,Lakes Entrance,AU,2021-01-12 21:57:38,-37.8811,147.981,75.0,72,4,1.3
348,Sembe,CG,2021-01-12 21:57:38,1.6481,14.5806,75.63,76,49,3.36
349,San Angelo,US,2021-01-12 21:57:38,31.4638,-100.437,48.0,61,1,6.91
350,Santarem,BR,2021-01-12 21:57:38,-2.4431,-54.7083,82.4,83,20,4.61
351,Kafue,ZM,2021-01-12 21:57:38,-15.7691,28.1814,69.8,94,0,6.91
352,Iquique,CL,2021-01-12 21:57:38,-20.2208,-70.1431,73.4,60,0,18.41
353,Albury,AU,2021-01-12 21:57:39,-36.0833,146.9167,81.0,64,0,3.44
354,Mantua,IT,2021-01-12 21:57:39,45.1667,10.7833,30.99,92,17,3.0
355,Golspie,GB,2021-01-12 21:57:39,57.9727,-3.978,34.0,86,20,6.91
356,Jatai,BR,2021-01-12 21:57:39,-17.8814,-51.7144,74.52,82,97,3.0
357,Pacific Grove,US,2021-01-12 21:53:37,36.6177,-121.9166,59.0,67,90,5.75
358,Mombetsu,JP,2021-01-12 21:57:39,44.3525,143.3525,33.01,78,100,3.0
359,San Ramon,US,2021-01-12 21:57:39,37.7799,-121.978,62.01,58,90,3.44
360,Maceio,BR,2021-01-12 21:57:39,-9.6658,-35.7353,77.0,88,20,8.05
361,Yar-Sale,RU,2021-01-12 21:57:39,66.8333,70.8333,-0.54,90,78,13.42
362,Pozo Colorado,PY,2021-01-12 21:57:39,-23.4923,-58.7972,84.06,70,54,11.92
363,Tirumullaivasal,IN,2021-01-12 21:57:40,11.2333,79.8333,76.93,87,91,14.94
364,Petropavlovsk-Kamchatskiy,RU,2021-01-12 21:57:40,53.0452,158.6483,6.8,66,6,4.47
365,Seoul,KR,2021-01-12 21:55:13,37.5683,126.9778,23.0,100,40,6.91
366,Little Current,CA,2021-01-12 21:54:54,45.9793,-81.9248,33.8,93,93,3.44
367,Chumikan,RU,2021-01-12 21:57:40,54.7183,135.315,-22.5,80,4,7.76
368,Taltal,CL,2021-01-12 21:57:40,-25.4,-70.4833,69.6,60,22,6.46
369,Makakilo City,US,2021-01-12 21:57:40,21.3469,-158.0858,80.6,65,1,5.75
370,Fairbanks,US,2021-01-12 21:57:40,64.8378,-147.7164,1.4,78,75,1.14
371,Cabo San Lucas,MX,2021-01-12 21:52:52,22.8909,-109.9124,73.0,43,75,9.22
372,Camacha,PT,2021-01-12 21:57:40,33.0833,-16.3333,59.0,58,75,8.05
373,Kerema,PG,2021-01-12 21:57:40,-7.9631,145.7785,80.24,81,100,5.03
374,Noyabrsk,RU,2021-01-12 21:57:40,63.1994,75.4507,-9.06,91,100,10.49
375,Porbandar,IN,2021-01-12 21:54:33,21.6422,69.6093,67.59,30,0,10.98
376,Itaueira,BR,2021-01-12 21:57:40,-7.6033,-43.0256,77.29,78,59,3.83
377,Les Cayes,HT,2021-01-12 21:57:40,18.2,-73.75,78.6,73,100,8.12
378,Sitka,US,2021-01-12 21:57:41,57.0531,-135.33,42.8,70,90,23.02
379,Suba,PH,2021-01-12 21:57:41,10.8438,121.0102,78.93,76,99,30.13
380,Buraydah,SA,2021-01-12 21:57:41,26.326,43.975,48.2,81,0,0.81
381,Praia Da Vitoria,PT,2021-01-12 21:57:41,38.7333,-27.0667,59.0,88,75,7.49
382,Narasannapeta,IN,2021-01-12 21:57:41,18.4167,84.05,68.59,86,0,5.55
383,Tigil,RU,2021-01-12 21:57:41,57.8,158.6667,10.63,91,99,9.82
384,Viedma,AR,2021-01-12 21:57:41,-40.8135,-62.9967,75.0,21,0,11.97
385,Kathua,IN,2021-01-12 21:57:41,32.3667,75.5167,47.71,53,0,0.87
386,Freeport,US,2021-01-12 21:57:05,40.6576,-73.5832,42.01,56,1,4.61
387,Skelleftea,SE,2021-01-12 21:57:41,64.7507,20.9528,21.2,86,90,13.8
388,Newport,GB,2021-01-12 21:57:41,51.5877,-2.9984,44.01,93,81,2.48
389,Buchanan,LR,2021-01-12 21:57:42,5.8808,-10.0467,77.0,94,75,9.31
390,Espoo,FI,2021-01-12 21:54:22,60.25,24.6667,30.0,100,100,13.18
391,Soria,ES,2021-01-12 21:57:42,41.6667,-2.6667,25.0,88,5,5.06
392,Zyryanskoye,RU,2021-01-12 21:57:42,56.8306,86.6258,-24.21,86,42,3.89
393,Weligama,LK,2021-01-12 21:57:18,5.9667,80.4167,76.42,85,97,10.58
394,Dukat,RU,2021-01-12 21:57:42,62.55,155.55,-12.55,89,100,2.68
395,Simbahan,PH,2021-01-12 21:57:42,6.3032,120.5836,81.27,82,100,16.51
396,Kazerun,IR,2021-01-12 21:57:29,29.6195,51.6541,49.53,43,0,1.36
397,Erzin,TR,2021-01-12 21:57:42,36.9559,36.2,64.99,56,100,5.23
398,Ketchikan,US,2021-01-12 21:52:55,55.3422,-131.6461,37.4,93,90,5.75
399,Porosozero,RU,2021-01-12 21:57:42,62.7191,32.727,-2.25,92,100,11.27
400,Valleyview,CA,2021-01-12 21:54:34,55.0667,-117.2859,32.0,80,100,11.5
401,Heihe,CN,2021-01-12 21:57:43,50.2441,127.4902,-11.2,84,40,11.18
402,Vilcun,CL,2021-01-12 21:57:43,-38.65,-72.2333,68.0,49,0,13.8
403,Ust-Kuyga,RU,2021-01-12 21:57:43,70.0167,135.6,-41.87,74,0,4.16
404,Hami,CN,2021-01-12 21:57:43,42.8,93.45,15.96,81,6,4.56
405,Deputatskiy,RU,2021-01-12 21:57:43,69.3,139.9,-36.92,76,63,1.39
406,Zuwarah,LY,2021-01-12 21:57:43,32.9312,12.082,58.01,52,55,18.86
407,Mandalgovi,MN,2021-01-12 21:57:43,45.7625,106.2708,-0.02,87,99,3.49
408,Koumac,NC,2021-01-12 21:57:43,-20.5667,164.2833,84.43,71,76,1.92
409,Leshukonskoye,RU,2021-01-12 21:57:43,64.8989,45.7622,-13.83,86,31,2.73
410,Garowe,SO,2021-01-12 21:57:43,8.4054,48.4845,66.52,58,1,12.06
411,Klaksvik,FO,2021-01-12 21:57:44,62.2266,-6.589,26.6,86,100,3.44
412,Hammerfest,NO,2021-01-12 21:57:44,70.6634,23.6821,21.2,49,0,10.36
413,Sobolevo,RU,2021-01-12 21:57:44,54.4299,31.8996,20.17,97,100,10.56
414,Rio Grande,BR,2021-01-12 21:57:44,-32.035,-52.0986,71.01,69,100,4.0
415,Sangar,RU,2021-01-12 21:57:44,63.9242,127.4739,-41.78,79,99,5.73
416,Bulungu,CD,2021-01-12 21:53:04,-4.55,18.6,71.98,87,87,2.53
417,Popondetta,PG,2021-01-12 21:57:44,-8.7537,148.2534,82.4,77,95,1.5
418,Kargil,IN,2021-01-12 21:57:44,34.5667,76.1,-13.0,52,0,1.95
419,Mazamari,PE,2021-01-12 21:57:44,-11.3258,-74.5308,83.75,57,84,2.15
420,Mount Gambier,AU,2021-01-12 21:57:44,-37.8333,140.7667,50.0,93,93,6.91
421,Ancud,CL,2021-01-12 21:57:45,-41.8697,-73.8203,62.01,62,20,10.36
422,Pokhara,NP,2021-01-12 21:57:45,28.2333,83.9833,50.45,66,10,3.2
423,Chiang Kham,TH,2021-01-12 21:57:45,19.5233,100.3,53.6,76,90,3.44
424,Bilma,NE,2021-01-12 21:57:45,18.6853,12.9164,63.7,27,0,2.59
425,Naze,JP,2021-01-12 21:57:45,28.3667,129.4833,51.8,62,75,6.91
426,Shingu,JP,2021-01-12 21:57:45,33.7333,135.9833,34.29,88,1,5.79
427,Port Blair,IN,2021-01-12 21:57:45,11.6667,92.75,77.61,77,34,10.89
428,Kaabong,UG,2021-01-12 21:57:45,3.4836,34.1492,70.75,45,0,9.82
429,Vestmannaeyjar,IS,2021-01-12 21:57:46,63.4427,-20.2734,41.04,82,100,43.82
430,Moron,AR,2021-01-12 21:57:46,-34.6534,-58.6198,77.0,39,0,4.0
431,Araouane,ML,2021-01-12 21:57:46,18.9048,-3.5265,68.43,24,94,14.05
432,Jacareacanga,BR,2021-01-12 21:57:46,-6.2222,-57.7528,78.06,89,83,2.21
433,Chitipa,MW,2021-01-12 21:57:46,-9.7024,33.2697,64.27,94,100,0.69
434,Jurm,AF,2021-01-12 21:57:46,36.8648,70.8342,31.46,54,0,5.08
435,Waipawa,NZ,2021-01-12 21:57:46,-41.4122,175.5153,73.99,73,20,13.8
436,Sao Joao Da Barra,BR,2021-01-12 21:57:46,-21.6403,-41.0511,80.6,69,0,20.71
437,Surgut,RU,2021-01-12 21:57:46,61.25,73.4167,-7.6,84,75,6.71
438,Domoni,KM,2021-01-12 21:57:46,-12.2569,44.5319,79.12,81,36,9.44
439,Usinsk,RU,2021-01-12 21:57:47,65.9939,57.5281,-10.73,79,0,4.63
440,Kushuhum,UA,2021-01-12 21:57:47,47.7144,35.2092,28.4,80,40,15.66
441,Henties Bay,NA,2021-01-12 21:57:47,-22.116,14.2845,70.0,86,100,3.33
442,Japura,ID,2021-01-12 21:57:47,-0.3167,102.35,72.28,98,100,2.08
443,Richards Bay,ZA,2021-01-12 21:57:47,-28.783,32.0377,74.01,87,14,4.63
444,Daru,PG,2021-01-12 21:57:47,-9.0763,143.2092,78.12,91,100,10.16
445,Moron De La Frontera,ES,2021-01-12 21:57:47,37.1208,-5.454,42.01,87,0,4.61
446,Deer Lake,CA,2021-01-12 21:57:47,49.1667,-57.4316,24.8,74,90,5.75
447,Nishihara,JP,2021-01-12 21:57:47,26.1842,127.7558,55.4,54,20,11.5
448,Fare,PF,2021-01-12 21:57:48,-16.7,-151.0167,81.18,76,100,18.77
449,Portobelo,PA,2021-01-12 21:57:48,9.55,-79.65,84.99,99,100,15.01
450,Kananga,CD,2021-01-12 21:57:48,-5.8958,22.4178,69.03,91,95,2.55
451,Kavieng,PG,2021-01-12 21:57:48,-2.5744,150.7967,83.66,74,66,15.35
452,Eureka,US,2021-01-12 21:57:48,40.8021,-124.1637,57.99,92,100,7.0
453,Ulaangom,MN,2021-01-12 21:57:48,49.9811,92.0667,-15.75,85,85,1.41
454,Cap Malheureux,MU,2021-01-12 21:57:48,-19.9842,57.6142,79.0,85,88,5.01
455,Huicheng,CN,2021-01-12 21:56:26,23.0385,116.2899,37.4,81,0,7.25
456,Pangkalanbuun,ID,2021-01-12 21:56:03,-2.6833,111.6167,74.21,97,100,3.02
457,Xinqing,CN,2021-01-12 21:57:48,48.2333,129.5,-0.83,92,100,3.0
458,Brooks,CA,2021-01-12 21:57:48,50.5834,-111.8851,44.6,57,100,14.97
459,Touros,BR,2021-01-12 21:57:48,-5.1989,-35.4608,77.0,94,75,5.75
460,Mirassol,BR,2021-01-12 21:57:48,-20.8192,-49.5211,84.2,58,75,13.8
461,Tromso,NO,2021-01-12 21:57:49,69.6496,18.957,23.0,63,0,4.61
462,Benicarlo,ES,2021-01-12 21:57:49,40.4165,0.4271,42.01,67,0,11.01
463,Minab,IR,2021-01-12 21:57:49,27.1467,57.0801,44.6,31,0,4.61
464,Peru,US,2021-01-12 21:57:49,40.7537,-86.0689,39.2,75,1,14.97
465,Omboue,GA,2021-01-12 21:57:49,-1.5746,9.2618,78.76,86,100,11.5
466,Bowling Green,US,2021-01-12 21:57:49,36.9903,-86.4436,39.99,65,1,6.91
467,Lokosovo,RU,2021-01-12 21:57:49,61.1333,74.8167,-18.15,89,100,5.61
468,Nizhnevartovsk,RU,2021-01-12 21:57:49,60.9344,76.5531,-7.6,77,90,4.47
469,Teacapan,MX,2021-01-12 21:57:49,22.55,-105.75,73.85,52,80,9.51
470,Santa Vitoria,BR,2021-01-12 21:57:49,-18.8386,-50.1214,77.7,76,99,1.95
471,Adre,TD,2021-01-12 21:57:49,13.4667,22.2,64.56,24,0,10.11
472,Carauari,BR,2021-01-12 21:56:00,-4.8828,-66.8958,82.13,81,78,2.13
473,Lavrentiya,RU,2021-01-12 21:57:50,65.5833,-171.0,-9.29,86,59,9.13
474,Orlik,RU,2021-01-12 21:57:50,52.5178,99.825,-22.99,74,51,2.26
475,Awang,PH,2021-01-12 21:57:50,7.1531,124.2211,72.93,89,99,5.93
476,Belaya Gora,RU,2021-01-12 21:57:50,68.5333,146.4167,-43.38,82,85,0.98
477,Dawei,MM,2021-01-12 21:53:28,14.0833,98.2,61.88,45,43,5.59
478,Port Macquarie,AU,2021-01-12 21:57:50,-31.4333,152.9167,75.0,76,0,1.99
479,Parrita,CR,2021-01-12 21:57:50,9.5201,-84.3225,77.0,64,75,17.27
480,Losser,NL,2021-01-12 21:57:50,52.2608,7.0042,34.0,90,1,1.01
481,Anadyr,RU,2021-01-12 21:57:50,64.75,177.4833,-18.0,76,20,8.95
482,Ayagoz,KZ,2021-01-12 21:57:50,47.9714,80.4392,18.05,96,100,17.09
483,Ilhabela,BR,2021-01-12 21:57:51,-23.7781,-45.3581,79.68,84,63,3.67
484,Kahului,US,2021-01-12 21:56:06,20.8947,-156.47,84.2,48,1,3.44
485,Sartana,UA,2021-01-12 21:57:51,47.1744,37.6927,30.0,53,100,21.0
486,Cozumel,MX,2021-01-12 21:55:19,20.5083,-86.9458,78.8,78,75,5.75
487,Ambon,ID,2021-01-12 21:57:51,-3.6954,128.1814,75.2,94,20,8.05
488,Komsomolskiy,UZ,2021-01-12 21:57:51,40.4272,71.7189,32.0,59,100,6.91
489,General Pico,AR,2021-01-12 21:57:51,-35.6566,-63.7568,85.6,19,0,11.63
490,Kloulklubed,PW,2021-01-12 21:57:51,7.0419,134.2556,75.2,100,75,6.82
491,Boffa,GN,2021-01-12 21:57:51,10.1667,-14.0333,75.4,86,0,2.44
492,Boguchany,RU,2021-01-12 21:57:51,58.3814,97.4531,-28.57,83,8,1.95
493,Kourou,GF,2021-01-12 21:57:51,5.1552,-52.6478,78.8,94,75,5.75
494,Berlevag,NO,2021-01-12 21:57:51,70.8578,29.0864,10.4,40,0,13.8
495,Olinda,BR,2021-01-12 21:57:52,-8.0089,-34.8553,78.8,73,75,8.05
496,Anloga,GH,2021-01-12 21:57:52,5.7947,0.8973,80.6,89,20,12.66
497,Mogadishu,SO,2021-01-12 21:57:52,2.0371,45.3438,76.46,80,41,21.56
498,Caohai,CN,2021-01-12 21:57:52,26.8661,104.2841,28.96,98,54,2.51
499,Hunsur,IN,2021-01-12 21:57:52,12.3075,76.2878,66.67,77,100,8.01
500,Boca Do Acre,BR,2021-01-12 21:57:52,-8.7522,-67.3978,83.88,77,31,0.72
501,Sao Felix Do Xingu,BR,2021-01-12 21:57:53,-6.6447,-51.995,75.22,92,59,0.74
502,Puerto Del Rosario,ES,2021-01-12 21:56:06,28.5004,-13.8627,62.6,63,40,16.11
503,Mujiayingzi,CN,2021-01-12 21:57:53,42.1167,118.7833,4.17,87,3,4.38
504,Quelimane,MZ,2021-01-12 21:57:53,-17.8786,36.8883,84.2,79,20,6.91
505,Belmonte,BR,2021-01-12 21:57:53,-15.8631,-38.8828,77.0,78,40,9.22
506,Sinnar,SD,2021-01-12 21:57:54,13.5691,33.5672,71.42,32,6,9.75
507,Udachnyy,RU,2021-01-12 21:57:54,66.4167,112.4,-22.99,84,100,4.85
508,San Luis,AR,2021-01-12 21:55:11,-33.295,-66.3356,78.06,40,23,14.0
509,Prieska,ZA,2021-01-12 21:57:54,-29.6641,22.7474,82.33,43,56,5.99
510,Margate,GB,2021-01-12 21:57:55,51.3813,1.3862,37.99,81,24,1.01
511,Bilibino,RU,2021-01-12 21:57:55,68.0546,166.4372,-24.92,79,1,5.5
512,Jalu,LY,2021-01-12 21:57:55,29.0331,21.5482,59.77,66,100,16.93
513,Kamina,CD,2021-01-12 21:57:55,-8.7386,24.9906,64.18,97,100,4.29
514,Kurilsk,RU,2021-01-12 21:57:55,45.2333,147.8833,29.41,97,49,15.86
515,Aloleng,PH,2021-01-12 21:57:55,16.1307,119.7824,72.39,78,24,6.4
516,Sept-Iles,CA,2021-01-12 21:55:03,50.2001,-66.3821,23.0,58,26,5.75
517,Cilaos,RE,2021-01-12 21:57:55,-21.1336,55.4719,78.8,89,75,4.61
518,Sinnamary,GF,2021-01-12 21:57:56,5.3833,-52.95,76.93,87,77,11.65
519,San Julian,MX,2021-01-12 21:57:56,21.0167,-102.1667,67.53,26,71,13.58
520,Guanica,PR,2021-01-12 21:57:56,17.9716,-66.908,81.0,68,84,1.01
521,Dhidhdhoo,MV,2021-01-12 21:57:56,6.8833,73.1,77.05,88,100,15.43
522,Pampierstad,ZA,2021-01-12 21:57:56,-27.7832,24.6877,68.22,74,7,3.69
523,Salekhard,RU,2021-01-12 21:57:19,66.53,66.6019,-4.74,88,0,8.57
524,Khawhai,IN,2021-01-12 21:57:56,23.3667,93.1167,39.9,100,47,2.15
525,Lompoc,US,2021-01-12 21:55:19,34.6391,-120.4579,64.99,51,1,3.53
526,Shunyi,CN,2021-01-12 21:57:56,40.125,116.6453,15.8,62,0,2.24
527,Broome,US,2021-01-12 21:57:56,42.2506,-75.833,32.0,74,90,3.44
528,Baturaja,ID,2021-01-12 21:57:56,-4.1333,104.1667,72.28,94,100,3.71
529,La Orilla,MX,2021-01-12 21:57:56,17.9833,-102.2333,82.26,54,2,9.44
530,Emerald,AU,2021-01-12 21:57:57,-23.5333,148.1667,75.99,78,14,8.05
531,Abbeyleix,IE,2021-01-12 21:57:57,52.8992,-7.3575,48.0,97,100,3.0
532,Hay River,CA,2021-01-12 21:57:57,60.8156,-115.7999,28.4,69,16,4.61
533,Catacamas,HN,2021-01-12 21:57:57,14.8,-85.9,75.2,88,75,3.44
534,Marion,US,2021-01-12 21:57:57,39.7684,-86.1555,42.8,60,1,10.36
535,Sa Kaeo,TH,2021-01-12 21:57:57,13.75,102.3333,57.49,51,14,4.18
536,Puerto Palomas,MX,2021-01-12 21:57:57,31.7667,-107.6167,48.2,27,1,0.31
537,Kapit,MY,2021-01-12 21:57:57,2.0167,112.9333,72.99,94,99,1.1
538,Kishi,NG,2021-01-12 21:57:57,9.0833,3.85,77.25,18,0,3.06
539,Sika,GM,2021-01-12 21:57:57,13.3546,-16.345,71.6,60,64,11.99
540,Vostok,RU,2021-01-12 21:57:58,46.4856,135.8833,6.35,96,100,2.91
541,Verkhoyansk,RU,2021-01-12 21:57:58,67.5447,133.385,-45.35,64,9,1.03
542,Prado,BR,2021-01-12 21:57:58,-17.3411,-39.2208,77.36,83,0,7.67
543,Charters Towers,AU,2021-01-12 21:57:58,-20.1,146.2667,76.78,74,72,10.56
544,Punata,BO,2021-01-12 21:57:58,-17.55,-65.8333,71.6,46,75,5.75
545,Doka,SD,2021-01-12 21:57:58,13.5167,35.7667,70.81,28,11,8.99
546,Yagodnoye,RU,2021-01-12 21:57:58,62.55,149.6667,-27.04,82,18,1.23
547,Nizhniy Kuranakh,RU,2021-01-12 21:57:58,58.8353,125.4869,-26.64,83,99,1.39
548,Lasa,IT,2021-01-12 21:57:58,46.6166,10.7002,28.4,93,90,3.44
549,Chongwe,ZM,2021-01-12 21:57:58,-15.3292,28.682,69.8,94,0,6.91
550,Zonguldak,TR,2021-01-12 21:57:58,41.25,31.8333,51.3,70,86,2.95
551,Pleasant Grove,US,2021-01-12 21:57:59,40.3641,-111.7385,39.99,55,75,4.61
552,Kenora,CA,2021-01-12 21:57:59,49.8167,-94.4337,24.8,100,75,12.66
553,Shirokiy,RU,2021-01-12 21:57:59,49.758,129.523,-2.24,93,100,5.84
554,Avera,US,2021-01-12 21:57:59,33.194,-82.5271,48.2,87,90,10.36
555,Kursenai,LT,2021-01-12 21:57:59,55.985,22.9189,28.4,93,90,12.66
556,Kaputa,ZM,2021-01-12 21:57:59,-8.4689,29.6619,68.72,85,84,4.12
557,Tazovskiy,RU,2021-01-12 21:57:59,67.4667,78.7,6.28,95,100,17.2
558,Huercal-Overa,ES,2021-01-12 21:57:59,37.389,-1.9454,37.99,72,0,1.01
